{
  "encrypted": "zPOrGl3B2hRJaAu8evfNZ1u2nuw1ow==",
  "measurements": {
    "polarization_angles": [
      90,
      135,
      90,
      45,
      0,
      45,
      0,
      90,
      0,
      45,
      90,
      45,
      90,
      90,
      45,
      135,
      90,
      0,
      0,
      45,
      135,
      45
    ],
    "measurement_bases": [
      "diagonal",
      "rectilinear",
      "rectilinear",
      "diagonal",
      "rectilinear",
      "rectilinear",
      "rectilinear",
      "diagonal",
      "diagonal",
      "diagonal",
      "rectilinear",
      "rectilinear",
      "rectilinear",
      "rectilinear",
      "diagonal",
      "rectilinear",
      "rectilinear",
      "diagonal",
      "rectilinear",
      "diagonal",
      "rectilinear",
      "rectilinear"
    ],
    "error_rate": 0.15,
    "partial_key": [
      "0xbd",
      "0x86",
      "0x9f",
      "0x74",
      "0x29",
      "0xb4",
      "0xb7",
      "0x4b",
      "0x7a",
      "0x6"
    ]
  },
  "protocol": "BB84 with key reuse vulnerability",
  "hint": "First 10 bytes of key are leaked. Analyze quantum measurements for patterns."
}